1187584;1251979;1103398;973162;1225313;1319054;1287862;1012673;1124093;1254021;1300233;991278;1125384;1095036;1056262;1201305;1270740;1047012;1246194;1157984;1081618;991876;984701;1026114;1268811;1054628;982863;1324730;1140988;961693;1439764;1184773;1192092;1222246;1235441;1337575;1250809;1278762;1197173;1354671;1037099;1163577;1191917;1339928;1307420;1256756;1127646;1101387;1139446;1089577;
1192355;1278623;950429;900230;1103064;1168824;1353090;1019128;1016283;1169858;1339063;1058503;1095379;1152486;1139775;1231325;1226478;952426;1111709;1007307;1045092;900552;939993;987144;1312435;1049972;877280;1188937;1089680;942213;1271653;1139975;1034673;1116319;1207033;1246475;1241688;1159768;1118357;1256282;1145302;1105321;1168897;1259324;1258636;1159343;1068113;1012980;1108910;1030530;
1287597;1284197;1190483;1118113;1158563;1369229;1497103;1252128;1137403;1242408;1560684;1188605;1252329;1260423;1353933;1357023;1325039;1167339;1316585;1157483;1159560;1079488;1208447;1150013;1464098;1253936;1142982;1513455;1178792;1195572;1546396;1391920;1316848;1385121;1408322;1533809;1398051;1279469;1348052;1446027;1177025;1232715;1237785;1426244;1455437;1387843;1311118;1169444;1338596;1306226;
1166865;1201406;920836;943185;1029494;1172400;1156057;1005919;917388;994479;1307290;1005019;1071139;1104067;1074846;1053403;1166938;887879;1060512;939383;988802;766469;898218;895390;1233416;1003396;909987;1124885;963178;1002539;1240470;1058249;961952;1129825;1028547;1134007;1112208;1063521;918115;1086164;879698;954150;914963;1192681;1056193;1099507;906437;999792;1103104;1063752;
1233377;1288066;1089819;995215;1223021;1342837;1344339;1184011;1144243;1260711;1371473;1053188;1161860;1097180;1177213;1179324;1214653;1058922;1189465;1265078;1131317;1014343;1049915;1106185;1321204;1123926;1080528;1328348;1257396;1018016;1482175;1171557;1278655;1246534;1326119;1409807;1307404;1212795;1223456;1333837;1114471;1169375;1129323;1428689;1347776;1267400;1160297;1099125;1092335;1172455;
1054901;1040492;950161;884379;987431;1145734;1201282;925472;804160;969157;1079937;979956;912348;862711;1116358;908123;1017014;892767;873702;935902;955470;871423;790055;961977;1058733;889371;824211;1058911;1015683;887165;1154942;1020760;925635;1036645;1037834;1151146;1138998;928627;924357;1182213;841166;948316;1043294;1118273;1013570;1022223;913981;836047;967038;869693;
1108978;1068364;850175;912425;1042899;1127955;1251036;1024321;897837;1139201;1236933;937256;1031066;1073407;1109048;1021614;1141560;896902;1007244;1007097;1018271;941444;892409;1016832;1140191;955037;909686;1137651;1037473;914857;1267384;1054525;1116712;1080804;1100647;1224241;1163069;1077019;1106254;1176446;1052494;975557;1107974;1206348;1136244;1135241;1101242;1009805;1078279;1057282;
1075814;1035304;978606;780255;923059;1104300;1210341;844296;968010;1095948;1159676;1003736;984164;904803;1076918;1062977;1029393;916477;891705;908748;927852;884444;888254;1020142;1039473;896996;717318;1137886;913180;888965;1053696;1024538;956404;938944;962657;1143269;1165380;956707;1034137;1078811;899935;904042;1013120;1086716;1077158;1106605;984089;877535;1073679;902734;
1262141;1283270;1089856;1039363;1233604;1336067;1443775;1165314;1156895;1280308;1441798;1165639;1289594;1249551;1278578;1213376;1258010;1035539;1191923;1151965;1068432;1067392;1046991;1135867;1344633;1143467;1026296;1375676;1277610;1087056;1439927;1253904;1241581;1299757;1265414;1378736;1374275;1159194;1191200;1358188;1211436;1257738;1199190;1453412;1253567;1343555;1218389;1146927;1250647;1196337;
1072908;1036961;944227;844659;947426;1051693;1173174;953069;917375;1095418;1172232;928789;1009287;1019941;994199;1137627;1043772;924852;1095605;866019;872357;823336;830277;935705;1181823;1046939;797562;1177163;923786;877107;1179748;1068309;1025042;1047133;1145727;1163443;1126263;1018383;1035007;1150039;950673;966328;1010718;1078757;1020932;1046166;1116477;943346;1089821;1017401;
1198716;1186335;930969;964957;1084514;1282634;1345906;1135123;1105829;1263493;1426840;1053341;1158406;1120228;1185048;1166203;1140456;1083288;1197932;1023739;1021592;934341;1009946;1094551;1257557;1173191;1022053;1180525;1101833;1012300;1326198;1234041;1203189;1173916;1214990;1314184;1277297;1146046;1289024;1330742;1054519;1041685;1101825;1351129;1283626;1222520;1109384;965770;1195996;1112448;
1147652;1268033;1054773;1045866;1198390;1214025;1293244;1103279;1077891;1085697;1335086;1105950;1210386;1076828;1160277;1119417;1143987;937208;1076825;1134924;1094560;983178;930699;1131853;1197888;1054833;950097;1310852;1117224;1022111;1459089;1115639;1132985;1144344;1246287;1412418;1222514;1134475;1171096;1260208;1011535;1112029;1136543;1251250;1107610;1149182;1135549;1092909;1115869;1202472;
1151457;1219558;1020279;958692;1032750;1303037;1234166;1046420;1052934;1194062;1355825;1070036;1022340;1113795;1105499;1209345;1200897;1072388;1129180;1111480;954612;980450;1084188;1076784;1252123;1031333;1026698;1224236;1041487;986920;1407030;1170126;1208171;1181901;1204887;1257341;1254888;1206330;1230103;1250092;1057896;1040124;992265;1277102;1288199;1193978;1108524;1040555;1166698;1174056;
1200934;1156522;942927;976522;1007827;1271537;1331625;1074786;1078515;1109790;1347814;1159064;1192366;1119952;1183619;1177013;1062794;1081358;1041775;1084247;999707;1049814;1011319;1158252;1324572;1024986;986042;1226781;1055198;978363;1321831;1195178;1131427;1144619;1211447;1260722;1176305;1024673;1162073;1279928;1057265;1065765;1027730;1266758;1152257;1237392;1055717;1097469;1230700;1195945;
942773;1009663;891779;860828;890478;1118440;1139311;918689;951790;1010724;1144072;938133;1027995;1019423;981109;941730;1030381;830725;937176;945507;898851;774077;890386;888062;1003483;949576;926746;1112852;969736;949010;1200604;951496;1029473;990315;1021638;1186240;1162796;901422;1046113;1076898;858272;915866;855642;1124143;969783;1097709;956340;850639;998669;962698;
1182545;1190108;1030424;985064;1103803;1252810;1302159;1180857;1113210;1140769;1286045;1127862;1138507;994544;1069265;1290047;1173488;1041779;1162618;1141435;989483;1008900;1047851;1079711;1256960;1040101;972348;1372107;1084749;1000361;1394971;1094527;1074278;1290810;1213476;1330023;1334719;1136947;1063146;1215977;1110470;1062364;1097287;1366395;1313909;1257488;1164928;1064473;1092929;1062861;
1223816;1223295;1027521;992102;1167754;1303740;1333256;1178363;1178471;1221055;1415890;1150602;1233550;1166605;1219950;1204240;1174735;946642;1171997;1144507;1130902;924190;1095583;1150704;1267434;1105902;988760;1471388;1125442;1190779;1459398;1152838;1203732;1196649;1210259;1311235;1362016;1138075;1206753;1206126;1095609;1120357;1133697;1395971;1190642;1266851;1207377;1066311;1234939;1188997;
1204525;1291904;1077405;979565;1146611;1289306;1462673;1145619;1072567;1288054;1540458;1124328;1099101;1184682;1251194;1256201;1164943;1008988;1200986;1062347;1166875;943305;1106913;1075987;1455594;1051632;936276;1208086;1142410;1004382;1323238;1217870;1099742;1174092;1287664;1311417;1248033;1134945;1170024;1272407;1142707;1124645;1251407;1355711;1349074;1265754;1154098;1059940;1195109;996034;
1233086;1108485;1049686;1023413;1148926;1182785;1302136;1144252;1090510;1202744;1433797;1026540;1131128;1193973;1197390;1218223;1174441;958975;1148894;1047920;1068535;851836;1018456;914452;1407384;1157930;968567;1270727;1065420;1032192;1359687;1103267;1112852;1118022;1266405;1226365;1236798;1122642;1187707;1238643;1173205;1061430;1102482;1292606;1200092;1205807;1114089;1171519;1147687;1162057;
1340392;1473211;1175660;1168438;1359435;1467690;1626599;1327103;1207943;1458066;1610373;1289888;1436556;1251657;1454285;1308579;1286265;1135993;1255107;1355993;1199697;1135883;1239061;1200516;1471361;1321666;1185497;1445092;1298529;1202097;1580020;1397000;1351795;1459327;1511951;1534657;1472587;1259524;1288931;1419473;1217559;1228307;1371196;1572682;1405906;1484771;1336270;1261586;1401783;1326546;
1132956;1144195;1050903;1012296;1057750;1240801;1309844;1025216;1107768;1237800;1321581;1069104;1124395;1181098;1125713;1159017;1004490;978334;1099995;1075546;1175243;913738;1067349;1011246;1268395;1069712;930647;1329297;1077374;982872;1278611;1124549;1142731;1105862;1201864;1316530;1194414;1006588;1120562;1211937;1061382;1058426;1130974;1273913;1259612;1277219;1157915;1115486;1142852;1113433;
1175227;1134776;988566;1007667;1065102;1242440;1365502;1129094;1060576;1217026;1323813;1074987;1160471;1035451;1077396;1191439;1203143;1081365;1162393;1112041;1066993;892295;1095618;1035832;1211552;1034258;1010983;1211228;1020822;1016282;1480841;1254143;1101684;1271059;1301697;1423055;1272260;1261542;1269884;1288168;1043855;1044664;1169955;1304610;1341972;1213782;1168026;1055712;1109585;1078918;
1049697;1100570;917263;797288;932971;1087825;1159268;986865;943367;1006534;1234067;924351;998389;977418;1038433;1156632;1059453;983282;1052237;943128;906388;931451;912260;1074133;1178615;957900;823357;1189046;938569;889786;1278224;1128152;1048938;1131507;1054943;1200049;1170624;1100478;1050095;1088291;948450;957127;983218;1177658;1220663;1203389;1128881;935550;1108460;1073874;
991968;1107083;881730;863836;1053545;1058014;1189978;1047016;938744;993801;1188903;968223;899729;921949;994180;1026441;1014684;944825;1004946;999862;981935;940091;863993;1045150;1134351;886095;831036;1207755;1068279;917323;1210539;1072156;959820;1059899;1007519;1166394;1063085;1080908;942400;1197582;969064;936736;1019808;1217772;1131896;1070881;1021846;1005290;987321;1071171;
1056233;1119703;845141;869292;1053781;1128549;1212060;1103339;884800;1013011;1215301;903748;1148681;1145468;1129668;1074632;1052097;856826;1042591;900787;979003;844796;817420;996777;1164254;936037;864383;1120638;1031010;842883;1258722;1152193;1094827;1026615;1148339;1196266;1166627;986612;1093869;1096684;971262;977942;1073505;1201538;1063960;1110580;1014635;976970;1118158;1049671;
1000094;1021226;875425;828522;974911;1048084;1110236;827183;830910;966902;1118588;808776;888533;868282;878368;953180;1037349;719664;889377;891798;869172;794190;797739;773842;1016436;912435;783655;1003773;905035;766227;1070887;914772;905868;866092;1050052;1172851;1126175;916225;971438;987756;872671;845466;912729;988908;938841;1073587;866371;919383;903143;896151;
1243180;1303730;1081964;1051484;1159969;1338662;1469131;1167024;1084608;1222815;1440231;1052695;1203305;1229425;1185965;1307539;1298117;1051305;1187431;1152545;1062870;1050908;1134510;1094844;1317966;1090286;1095555;1343129;1139280;1038204;1415407;1356103;1228191;1328372;1381921;1425466;1359624;1197911;1273859;1358575;1190446;1155449;1204714;1400421;1385690;1442214;1284413;1169538;1346400;1216727;
1054259;1127433;927885;827576;996209;1112113;1252247;1054333;974188;1052690;1224386;901805;1054713;932146;1097865;1119912;1057658;994481;1006110;983015;920101;934224;856951;982244;1188229;974922;840960;1212001;1037214;988812;1192766;1149848;1054645;1117568;1109306;1185481;1170256;1026246;1080944;1217611;1060119;987464;995844;1216513;1202237;1159355;998846;1005861;1033626;1028883;
1003783;882362;830811;799365;868658;1019800;1085756;884011;913976;1000487;1169120;985196;927270;892642;860723;937791;1020234;895712;907282;919051;742251;910548;915228;964481;981620;934671;874700;968774;921216;913969;1171599;1073758;957811;1002704;968923;1011281;1017973;912618;979537;1070609;783682;848639;813092;1077832;1026504;1081944;902022;972811;1060589;992404;
1071000;1108762;915452;876523;999743;1184100;1152331;945653;1027845;1065384;1232537;1014534;1051835;1061158;969178;1095422;1173062;987381;1018750;1040835;946586;947785;971376;960414;1063866;916329;864650;1145286;995178;835700;1219744;1026199;1060060;1075819;1119736;1214114;1128457;1064975;1064649;1221270;958001;929656;961198;1278006;1203502;1205641;1006817;1021020;1022295;1125615;
1045428;1006882;838950;788431;922689;1104568;1111505;964482;952182;1061898;1213191;903463;1017424;951446;969858;1016563;937443;915080;891444;967542;915086;802360;920619;970508;1073952;843926;773157;1043324;875836;931923;1172839;967066;1017742;971671;1083705;1135894;1041651;988995;1025017;1010208;872106;857554;966091;1081042;1115096;1092347;927866;968805;990698;955812;
1448016;1467027;1309936;1190085;1345741;1605572;1543065;1255219;1178644;1297193;1574371;1253629;1335364;1307546;1374036;1414283;1336305;1224919;1309211;1268328;1197812;1180277;1180732;1253049;1541903;1219098;1145906;1531549;1215641;1211951;1580454;1370340;1391149;1411741;1479610;1564016;1521064;1329912;1319244;1474569;1191952;1273923;1266964;1426234;1471414;1414516;1290150;1288470;1397490;1332184;
1074553;1116326;979039;901861;1080972;1088603;1196588;988195;911173;1171740;1255603;1005738;956727;1014932;1076525;1078236;1106268;993248;1053770;1062577;973840;912788;878458;1008869;1155282;982417;830263;1220782;994457;967894;1286645;1067242;1118697;1037759;1119819;1241682;1125385;1189544;1058156;1204625;944119;962868;1062243;1273599;1159183;1125747;1139443;939177;1123424;1051345;
1031548;1119939;892115;835753;988384;967534;1191422;996964;852759;1074097;1252407;938549;988967;876559;987000;1052297;994571;850387;934427;919042;845691;790471;756744;883307;1135542;1003104;803641;1010603;955273;873431;1147051;1024917;935567;1030806;1009563;1179205;1024235;1085290;1022468;1102199;923553;942907;997322;1172541;1043698;1002114;1012584;824955;1024568;973514;
1210400;1253399;1065200;1070106;1167774;1214488;1401611;1164128;1011240;1227006;1408129;1077334;1132490;1112215;1167149;1189189;1153225;1003311;1103174;1103945;1151026;978983;963927;1065820;1366096;1123114;967867;1343842;1116114;1072095;1374745;1199320;1132715;1156144;1305718;1439543;1214368;1124204;1124247;1334313;1053976;1082885;1172643;1331251;1194729;1255331;1168129;1124387;1199706;1241901;
1227752;1325690;1047176;1107704;1191302;1319874;1437458;1125908;1050226;1202810;1584640;1201327;1185321;1258009;1093132;1260311;1195694;1072238;1161315;1133710;1107255;1029683;1082758;1068043;1394105;1057706;973909;1357355;1114086;1026822;1451530;1222222;1119375;1228122;1388645;1458696;1340572;1183256;1190343;1193339;1086986;1111135;1182826;1358994;1330379;1304012;1151790;1149634;1210671;1160120;
1026387;1145074;1030185;892455;983362;1204844;1203932;989698;960870;1062401;1148539;1002870;1107351;993687;1146400;1054219;1060768;973438;986581;1065396;960270;852310;914290;1008964;1098844;951467;902268;1072004;1035591;925334;1269546;1161086;1054669;1149166;1039646;1206774;1125667;1076755;1026025;1239807;969220;1084521;1042332;1206878;1163059;1107841;1001840;959845;1069138;1022756;
1113224;1057202;935603;940420;1032917;1271228;1195476;949588;1013820;1022214;1252585;898549;965701;973294;1075151;1044043;1163797;1050562;1043130;1026878;969211;963678;961044;981497;1158376;1007015;1042262;1208537;949418;947134;1315539;1159263;1061690;1146575;1173171;1158246;1265408;1099512;1086158;1217658;941946;1070598;992682;1080389;1171440;1055264;1103901;1008654;1038759;1056586;
1132228;1237650;920499;955221;1131687;1197695;1384021;1084361;1034953;1210575;1416240;1142749;1157764;1121239;1062889;1126882;1042712;950084;1081556;1042228;904815;896884;1047041;956522;1238570;1020788;907378;1174354;1011627;1055352;1331430;1215405;1095477;1178421;1223605;1238373;1192727;992492;1179292;1190620;1037272;1090359;1076959;1260450;1210640;1182500;970801;1065636;1189858;969675;
942516;978698;888842;807580;963455;1043973;1064075;905712;879743;971467;1133444;870558;1050226;939627;1009826;1003128;1021877;818181;926501;784931;789224;775665;860271;893459;1021649;882567;804653;1109341;904101;924729;1206165;995342;921006;1034058;971885;1090623;1083848;1002202;920853;1042400;943601;981691;868975;1042262;1064778;1033363;970858;915019;1018576;1030078;
1224824;1295986;1080005;1041772;1095964;1190819;1318323;1146899;1028035;1152659;1308875;1254259;1105838;1094177;1238937;1248454;1073538;942467;1018463;1141173;1054372;985602;1083133;1100462;1232333;1126737;950490;1180145;1097490;1033114;1348200;1154381;1098065;1308731;1193965;1330790;1263144;1039684;1046826;1265823;1107132;1017107;1130338;1348423;1269121;1267958;1232097;1100713;1200332;1154333;
1181408;1207470;1023295;913515;1052727;1327847;1291554;1098700;1010054;1060527;1225174;1048249;1067703;1065855;1069320;1163908;1280127;949500;1094154;1069067;1039699;915321;1022383;1024348;1201484;1012987;986367;1340874;1131391;963392;1427379;1183016;1081244;1284957;1119091;1295146;1263117;1103315;1066040;1246974;976595;1050637;990408;1281469;1208821;1262505;1043902;1066770;1118613;1156692;
1271150;1247863;1118078;1026147;1076289;1305597;1338011;1063958;1166175;1308183;1407471;1285608;1180243;1111167;1203389;1258358;1258419;1103141;1142751;1273756;1029866;1097873;1163598;1134624;1268314;1210028;1010972;1221185;1093707;1026403;1431405;1191817;1202562;1299240;1336234;1350154;1326228;1115376;1195292;1289172;1008889;1064069;1129694;1398500;1349562;1347471;1170903;1131398;1218489;1153965;
1090713;1048450;936917;925430;969111;1182464;1145111;997049;1004165;1120600;1267153;1057195;1069536;1057193;1072580;1088310;1114892;890693;945867;1022973;1050466;872394;1011061;973362;1127219;929630;929266;1119851;1008465;924039;1279894;933861;1024969;1065626;1135514;1252452;1250037;950573;989241;968166;971341;926307;956798;1155854;1145587;1177390;1033101;1026932;996700;1013734;
1191584;1246073;955449;954976;1119286;1265332;1246032;1045617;1020107;1138946;1398440;1084487;1051056;1071855;1127890;1195983;1222023;943263;1172673;1058474;998547;953718;1056863;997428;1284393;1085993;960759;1117966;997751;925550;1297545;1116954;1045749;1238245;1229316;1214412;1170514;1085137;996341;1182555;974733;1046507;1057769;1251074;1287263;1253896;1074142;1055590;1101864;1061131;
1295424;1318208;1037950;991644;1188408;1385927;1388488;1180168;1025154;1202476;1335562;1119698;1149660;1093542;1126573;1232470;1252825;932732;1185074;1209609;1069255;1005304;1032068;1090933;1316460;1080714;1039814;1251879;1188795;1027541;1376231;1205337;1168724;1217227;1352463;1327834;1314774;1138143;1104714;1268255;1123570;1096333;1084490;1356964;1359884;1267031;1088908;1076193;1203610;1132456;
1203773;1218023;1061920;988887;1143061;1266011;1379463;1028524;1142521;1244936;1266838;1068711;1113890;1003198;1220787;1192552;1119952;1059732;1160031;1068573;1072833;988547;1060921;1160031;1229845;1052551;908639;1243921;989655;982010;1293441;1163684;1123282;1176361;1261737;1327815;1305363;1119050;1226628;1276950;1021099;1020597;1191004;1251011;1371456;1244947;1158641;1041097;1159212;1010410;
1243837;1155918;1004492;961961;1133531;1211821;1310260;1051868;1044726;1337444;1384016;1086891;1013814;1031238;1164560;1124633;1164303;954142;963065;1020971;1065847;938978;1039551;942091;1193870;1089075;889236;1228306;1038080;1013007;1234900;1074757;1071289;1066661;1181536;1242443;1277152;1119698;1122340;1226576;1094978;998672;1127505;1268113;1194029;1190143;1153799;1060314;1103096;1050744;
1171682;1240635;1017672;1043081;1147421;1214710;1311546;1050896;1068166;1107643;1222784;1066857;1164985;1093606;1148108;1179727;1193780;1012774;1057762;1067979;1089944;924312;940772;1056954;1171750;1001234;941865;1222848;1053026;1022445;1384016;1206070;1062521;1154052;1163896;1335918;1281739;1195098;1196980;1329609;1099609;1064475;1125580;1289602;1241806;1244312;1085831;1126569;1148458;1143416;
1105993;1161926;929415;1019924;1050048;1194164;1296179;962004;1007137;1037497;1169178;1043549;954780;997630;1005822;1052798;1107910;834691;1045038;1097874;1076022;915774;1014776;973257;1209031;949942;975582;1182922;1017144;900319;1327099;1049233;945532;1064652;1195826;1197814;1212527;953991;1018673;1095993;892063;940057;1004007;1223699;1116598;1147743;989242;1004417;1016881;931280;

18ms
383436;0;0;359423;0;0;478104;0;0;551850;0;0;374884;0;0;491442;0;0;510539;0;0;387450;0;0;425091;0;0;423102;0;0;581040;0;0;492415;0;0;493857;0;0;551134;0;0;555092;0;0;487268;0;0;290823;0;
0;0;0;0;0;0;0;0;0;0;0;0;0;0;0;0;0;0;0;0;0;0;0;0;0;0;0;0;0;0;0;0;0;0;0;0;0;0;0;0;0;0;0;0;0;0;0;0;0;0;
0;0;0;0;0;0;0;0;0;0;0;0;0;0;0;0;0;0;0;0;0;0;0;0;0;0;0;0;0;0;0;0;0;0;0;0;0;0;0;0;0;0;0;0;0;0;0;0;0;0;
448134;0;0;444027;0;0;474656;0;0;469451;0;0;365163;0;0;463916;0;0;492102;0;0;348997;0;0;496074;0;0;408590;0;0;566868;0;0;545814;0;0;435523;0;0;471965;0;0;378955;0;0;450330;0;0;367937;0;
0;0;0;0;0;0;0;0;0;0;0;0;0;0;0;0;0;0;0;0;0;0;0;0;0;0;0;0;0;0;0;0;0;0;0;0;0;0;0;0;0;0;0;0;0;0;0;0;0;0;
0;0;0;0;0;0;0;0;0;0;0;0;0;0;0;0;0;0;0;0;0;0;0;0;0;0;0;0;0;0;0;0;0;0;0;0;0;0;0;0;0;0;0;0;0;0;0;0;0;0;
345236;0;0;300296;0;0;329258;0;0;440615;0;0;306686;0;0;370449;0;0;337050;0;0;292583;0;0;293601;0;0;255182;0;0;444755;0;0;399361;0;0;365000;0;0;405064;0;0;409484;0;0;379224;0;0;296201;0;
0;0;0;0;0;0;0;0;0;0;0;0;0;0;0;0;0;0;0;0;0;0;0;0;0;0;0;0;0;0;0;0;0;0;0;0;0;0;0;0;0;0;0;0;0;0;0;0;0;0;
0;0;0;0;0;0;0;0;0;0;0;0;0;0;0;0;0;0;0;0;0;0;0;0;0;0;0;0;0;0;0;0;0;0;0;0;0;0;0;0;0;0;0;0;0;0;0;0;0;0;
364497;0;0;252452;0;0;383226;0;0;444698;0;0;296436;0;0;389896;0;0;386973;0;0;256282;0;0;337405;0;0;335074;0;0;394362;0;0;436825;0;0;359977;0;0;393106;0;0;348377;0;0;370452;0;0;340469;0;
0;0;0;0;0;0;0;0;0;0;0;0;0;0;0;0;0;0;0;0;0;0;0;0;0;0;0;0;0;0;0;0;0;0;0;0;0;0;0;0;0;0;0;0;0;0;0;0;0;0;
0;0;0;0;0;0;0;0;0;0;0;0;0;0;0;0;0;0;0;0;0;0;0;0;0;0;0;0;0;0;0;0;0;0;0;0;0;0;0;0;0;0;0;0;0;0;0;0;0;0;
382719;0;0;374670;0;0;411893;0;0;509167;0;0;331684;0;0;479047;0;0;410629;0;0;387556;0;0;419617;0;0;371230;0;0;546086;0;0;533520;0;0;480406;0;0;488849;0;0;364570;0;0;496827;0;0;366089;0;
0;0;0;0;0;0;0;0;0;0;0;0;0;0;0;0;0;0;0;0;0;0;0;0;0;0;0;0;0;0;0;0;0;0;0;0;0;0;0;0;0;0;0;0;0;0;0;0;0;0;
0;0;0;0;0;0;0;0;0;0;0;0;0;0;0;0;0;0;0;0;0;0;0;0;0;0;0;0;0;0;0;0;0;0;0;0;0;0;0;0;0;0;0;0;0;0;0;0;0;0;
381740;0;0;300466;0;0;459388;0;0;472618;0;0;395092;0;0;546144;0;0;465896;0;0;345546;0;0;404040;0;0;430582;0;0;488885;0;0;541123;0;0;451221;0;0;433603;0;0;429274;0;0;513390;0;0;325460;0;
0;0;0;0;0;0;0;0;0;0;0;0;0;0;0;0;0;0;0;0;0;0;0;0;0;0;0;0;0;0;0;0;0;0;0;0;0;0;0;0;0;0;0;0;0;0;0;0;0;0;
0;0;0;0;0;0;0;0;0;0;0;0;0;0;0;0;0;0;0;0;0;0;0;0;0;0;0;0;0;0;0;0;0;0;0;0;0;0;0;0;0;0;0;0;0;0;0;0;0;0;
330500;0;0;320184;0;0;385374;0;0;393393;0;0;310413;0;0;391676;0;0;373041;0;0;263360;0;0;364578;0;0;319778;0;0;442043;0;0;457720;0;0;350911;0;0;355533;0;0;389322;0;0;355655;0;0;317349;0;
0;0;0;0;0;0;0;0;0;0;0;0;0;0;0;0;0;0;0;0;0;0;0;0;0;0;0;0;0;0;0;0;0;0;0;0;0;0;0;0;0;0;0;0;0;0;0;0;0;0;
0;0;0;0;0;0;0;0;0;0;0;0;0;0;0;0;0;0;0;0;0;0;0;0;0;0;0;0;0;0;0;0;0;0;0;0;0;0;0;0;0;0;0;0;0;0;0;0;0;0;
478967;0;0;413953;0;0;540840;0;0;575463;0;0;404892;0;0;547924;0;0;560886;0;0;389506;0;0;485260;0;0;439954;0;0;596803;0;0;617381;0;0;502676;0;0;576258;0;0;550733;0;0;514811;0;0;394395;0;
0;0;0;0;0;0;0;0;0;0;0;0;0;0;0;0;0;0;0;0;0;0;0;0;0;0;0;0;0;0;0;0;0;0;0;0;0;0;0;0;0;0;0;0;0;0;0;0;0;0;
0;0;0;0;0;0;0;0;0;0;0;0;0;0;0;0;0;0;0;0;0;0;0;0;0;0;0;0;0;0;0;0;0;0;0;0;0;0;0;0;0;0;0;0;0;0;0;0;0;0;
351960;0;0;300066;0;0;389781;0;0;395892;0;0;328307;0;0;355227;0;0;338106;0;0;299279;0;0;332867;0;0;297650;0;0;487952;0;0;384353;0;0;386854;0;0;425286;0;0;433483;0;0;342291;0;0;304623;0;
0;0;0;0;0;0;0;0;0;0;0;0;0;0;0;0;0;0;0;0;0;0;0;0;0;0;0;0;0;0;0;0;0;0;0;0;0;0;0;0;0;0;0;0;0;0;0;0;0;0;
0;0;0;0;0;0;0;0;0;0;0;0;0;0;0;0;0;0;0;0;0;0;0;0;0;0;0;0;0;0;0;0;0;0;0;0;0;0;0;0;0;0;0;0;0;0;0;0;0;0;
319901;0;0;294880;0;0;454416;0;0;411742;0;0;322425;0;0;446291;0;0;351308;0;0;360255;0;0;381484;0;0;376084;0;0;490166;0;0;498213;0;0;445742;0;0;473276;0;0;414815;0;0;429962;0;0;281086;0;
0;0;0;0;0;0;0;0;0;0;0;0;0;0;0;0;0;0;0;0;0;0;0;0;0;0;0;0;0;0;0;0;0;0;0;0;0;0;0;0;0;0;0;0;0;0;0;0;0;0;
0;0;0;0;0;0;0;0;0;0;0;0;0;0;0;0;0;0;0;0;0;0;0;0;0;0;0;0;0;0;0;0;0;0;0;0;0;0;0;0;0;0;0;0;0;0;0;0;0;0;
373818;0;0;320341;0;0;398833;0;0;488182;0;0;373899;0;0;493851;0;0;404728;0;0;342947;0;0;387115;0;0;370079;0;0;497335;0;0;499798;0;0;446434;0;0;433231;0;0;405019;0;0;493250;0;0;312563;0;
0;0;0;0;0;0;0;0;0;0;0;0;0;0;0;0;0;0;0;0;0;0;0;0;0;0;0;0;0;0;0;0;0;0;0;0;0;0;0;0;0;0;0;0;0;0;0;0;0;0;
0;0;0;0;0;0;0;0;0;0;0;0;0;0;0;0;0;0;0;0;0;0;0;0;0;0;0;0;0;0;0;0;0;0;0;0;0;0;0;0;0;0;0;0;0;0;0;0;0;0;
370883;0;0;353280;0;0;414853;0;0;437537;0;0;341527;0;0;426145;0;0;340824;0;0;366820;0;0;400589;0;0;340948;0;0;473462;0;0;493754;0;0;409326;0;0;430364;0;0;410080;0;0;434883;0;0;317865;0;
0;0;0;0;0;0;0;0;0;0;0;0;0;0;0;0;0;0;0;0;0;0;0;0;0;0;0;0;0;0;0;0;0;0;0;0;0;0;0;0;0;0;0;0;0;0;0;0;0;0;
0;0;0;0;0;0;0;0;0;0;0;0;0;0;0;0;0;0;0;0;0;0;0;0;0;0;0;0;0;0;0;0;0;0;0;0;0;0;0;0;0;0;0;0;0;0;0;0;0;0;
404039;0;0;439525;0;0;487026;0;0;556569;0;0;445262;0;0;491935;0;0;476806;0;0;376973;0;0;474147;0;0;354835;0;0;589167;0;0;545182;0;0;452877;0;0;587126;0;0;469565;0;0;490059;0;0;351845;0;
0;0;0;0;0;0;0;0;0;0;0;0;0;0;0;0;0;0;0;0;0;0;0;0;0;0;0;0;0;0;0;0;0;0;0;0;0;0;0;0;0;0;0;0;0;0;0;0;0;0;
0;0;0;0;0;0;0;0;0;0;0;0;0;0;0;0;0;0;0;0;0;0;0;0;0;0;0;0;0;0;0;0;0;0;0;0;0;0;0;0;0;0;0;0;0;0;0;0;0;0;
265033;0;0;266615;0;0;320961;0;0;392725;0;0;252475;0;0;336848;0;0;340057;0;0;262262;0;0;328006;0;0;296011;0;0;403626;0;0;393189;0;0;321467;0;0;347359;0;0;293484;0;0;352754;0;0;258358;0;
0;0;0;0;0;0;0;0;0;0;0;0;0;0;0;0;0;0;0;0;0;0;0;0;0;0;0;0;0;0;0;0;0;0;0;0;0;0;0;0;0;0;0;0;0;0;0;0;0;0;
0;0;0;0;0;0;0;0;0;0;0;0;0;0;0;0;0;0;0;0;0;0;0;0;0;0;0;0;0;0;0;0;0;0;0;0;0;0;0;0;0;0;0;0;0;0;0;0;0;0;
449097;0;0;343161;0;0;464032;0;0;578061;0;0;406352;0;0;564528;0;0;477263;0;0;386433;0;0;444503;0;0;392618;0;0;537361;0;0;630976;0;0;478973;0;0;501421;0;0;409102;0;0;577804;0;0;410910;0;
0;0;0;0;0;0;0;0;0;0;0;0;0;0;0;0;0;0;0;0;0;0;0;0;0;0;0;0;0;0;0;0;0;0;0;0;0;0;0;0;0;0;0;0;0;0;0;0;0;0;
0;0;0;0;0;0;0;0;0;0;0;0;0;0;0;0;0;0;0;0;0;0;0;0;0;0;0;0;0;0;0;0;0;0;0;0;0;0;0;0;0;0;0;0;0;0;0;0;0;0;
406450;0;0;317637;0;0;460045;0;0;477557;0;0;368468;0;0;466497;0;0;442778;0;0;366013;0;0;368791;0;0;371986;0;0;501787;0;0;440348;0;0;478734;0;0;470568;0;0;455966;0;0;462411;0;0;345169;0;
0;0;0;0;0;0;0;0;0;0;0;0;0;0;0;0;0;0;0;0;0;0;0;0;0;0;0;0;0;0;0;0;0;0;0;0;0;0;0;0;0;0;0;0;0;0;0;0;0;0;
0;0;0;0;0;0;0;0;0;0;0;0;0;0;0;0;0;0;0;0;0;0;0;0;0;0;0;0;0;0;0;0;0;0;0;0;0;0;0;0;0;0;0;0;0;0;0;0;0;0;
399734;0;0;421300;0;0;474302;0;0;482185;0;0;400426;0;0;459156;0;0;421926;0;0;349136;0;0;426714;0;0;359096;0;0;562669;0;0;478731;0;0;471973;0;0;540776;0;0;472599;0;0;435843;0;0;324974;0;
0;0;0;0;0;0;0;0;0;0;0;0;0;0;0;0;0;0;0;0;0;0;0;0;0;0;0;0;0;0;0;0;0;0;0;0;0;0;0;0;0;0;0;0;0;0;0;0;0;0;

0ms
1162133;1221478;1039150;944194;1179952;1275699;1227308;960896;1110385;1192659;1242716;940255;1075685;1036902;981098;1147521;1245123;1000251;1203400;1135528;1059922;977486;954822;987700;1221978;1008820;974012;1288950;1090533;932780;1398324;1103057;1144229;1174702;1195823;1302351;1198685;1246978;1166730;1304013;984875;1107294;1119590;1289872;1270003;1217223;1075135;0;0;0;
1157343;1224129;856218;854866;1054612;1110115;1271700;958020;982290;1089788;1251108;986225;1014102;1070610;1039654;1145705;1177895;892599;1061679;980205;1004436;880621;899960;943647;1253605;966315;865117;1139422;1023763;893662;1216140;1026432;978694;1060039;1145764;1190469;1168089;1117756;1051676;1170301;1068165;1029500;1073997;1203918;1205372;1111895;1009106;0;0;0;
1211322;1203084;1053099;1028499;1071739;1275281;1356837;1139897;1089713;1109310;1430532;1064735;1121604;1122057;1192458;1231137;1253974;1054541;1227254;1121373;1089453;1052935;1153137;1090795;1358501;1119808;1120425;1443704;1091687;1118418;1458304;1214980;1225773;1281390;1292180;1444297;1297475;1201093;1248094;1297499;1062064;1111219;1083215;1344487;1363237;1324605;1211382;0;0;0;
1121804;1179169;880635;897319;984520;1136159;1093921;948410;909255;938271;1268639;951861;1024745;1045981;1011032;1017697;1149266;829902;1016231;930047;961487;760543;883579;877885;1182239;958497;898927;1105733;943148;976258;1206871;994648;922774;1076494;972090;1102269;1087827;1024245;893116;1025985;844062;907025;852231;1162506;1016031;1083043;859874;0;0;0;
1227515;1271288;1050619;987143;1199535;1319083;1315007;1159745;1136819;1228515;1337563;1029034;1137366;1068784;1136233;1147732;1200443;1039412;1168273;1249326;1123417;1004431;1030017;1079533;1299250;1102758;1076930;1305192;1222078;1003626;1459071;1125421;1251457;1224442;1312899;1391935;1272596;1199595;1208622;1313473;1083651;1138533;1090225;1396349;1330482;1239658;1131479;0;0;0;
989053;1001356;869481;817175;906437;1079520;1095490;827620;791380;868981;1005695;890946;834864;763991;999972;840151;986086;798817;796400;911434;915052;856533;756093;917561;972189;817987;806567;1016837;963207;843255;1092670;902144;850987;946243;952858;1097082;1082134;865299;885571;1089417;772368;862158;929380;1051635;947024;979041;827319;0;0;0;
1082203;1040905;786284;883761;991888;1083129;1187940;967688;888420;1074713;1180759;885189;983782;1014005;1030805;970118;1119376;847000;960378;983127;999009;926861;861659;974921;1090064;914044;900492;1101262;985161;887751;1224383;971034;1064574;1028838;1061376;1190275;1110594;1043511;1082492;1128859;1000651;917243;1032213;1151156;1098109;1092962;1043218;0;0;0;
1040483;958035;837782;729827;856392;1020891;1101547;764603;920186;984666;1030653;907887;873853;794701;935000;937813;960344;842294;824481;864032;877426;852524;825085;948184;962400;785588;702271;1061232;805809;822766;974104;860854;874957;865870;890887;1066413;1049744;904507;943212;970181;786545;796305;879175;998990;1007251;1028234;899924;0;0;0;
1223952;1217723;968602;989473;1168728;1261065;1342637;1087665;1118359;1178194;1330692;1077293;1192285;1148661;1150311;1106318;1200149;962831;1127310;1113591;1023159;1040471;992935;1073219;1270962;1046449;1011799;1309953;1186601;1029112;1368505;1108678;1166538;1228444;1196210;1310908;1276269;1108522;1115424;1259602;1113159;1160748;1077420;1374889;1188859;1276245;1139187;0;0;0;
998406;945017;787168;754001;856381;948505;1023708;836461;861848;951520;1024376;796482;865942;871317;817427;994201;962591;808794;1001774;823047;797614;791722;765519;865944;1071111;899634;774203;1096201;819705;792073;1082655;871774;925737;939502;1026418;1065037;1007900;937411;922005;991832;820491;832960;842201;985854;922843;970923;1009423;0;0;0;
1138771;1117736;825827;891655;1027792;1212870;1240728;1056010;1060569;1166059;1324664;957941;1051441;1014210;1066123;1065365;1078911;999514;1135809;1000289;960901;915082;970436;1058047;1180706;1058397;1004732;1129352;1041488;948498;1261312;1101311;1141534;1100593;1120794;1241908;1202979;1086958;1197930;1206688;965876;951717;988785;1300088;1212336;1181656;1043036;0;0;0;
1110000;1208727;957010;996208;1151731;1153771;1209118;1042077;1039020;1004019;1242696;1030209;1122843;991312;1057909;1028671;1090588;875512;1027074;1108632;1049157;963004;890411;1090496;1137966;962648;937324;1260454;1051689;969583;1402348;998632;1077994;1087893;1179790;1352524;1147423;1090799;1095756;1166053;931149;1034315;1039824;1198527;1051651;1103237;1078109;0;0;0;
1138789;1188150;941447;942854;980959;1253988;1173118;993754;1041376;1126718;1288478;1020613;974950;1055635;1020456;1147427;1174973;1030719;1083287;1078442;940717;960267;1043301;1020148;1205347;992581;1019204;1176989;968633;959383;1359210;1075686;1149931;1133958;1178723;1222349;1184292;1178458;1205548;1211662;996019;976343;910742;1207717;1252848;1135729;1046059;0;0;0;
1126360;1078372;812829;888878;926087;1182287;1197441;967876;1031889;983238;1223936;1040148;1066302;987356;1030307;1056889;994158;972932;957001;1051103;931137;1025070;959713;1104146;1223694;894740;964278;1161337;974614;903905;1238297;1027192;1045899;1045745;1098301;1174622;1082103;949225;1064499;1135474;948077;950379;881010;1191388;1063629;1179384;961999;0;0;0;
912985;969731;824373;823642;853833;1075131;1077371;871435;926946;950904;1080545;883004;966943;957383;907122;879840;994875;783528;899021;927149;867102;760378;862579;858576;958183;886318;917162;1078089;924836;912649;1159838;868458;988499;946710;972408;1144372;1111626;868342;996470;1010150;802567;859929;785321;1085464;928962;1065586;912619;0;0;0;
1157502;1148877;939603;954882;1044733;1194653;1225275;1116190;1094637;1060117;1206006;1063644;1074667;920398;968697;1215273;1138674;986002;1107899;1107487;964666;987304;1003804;1022022;1198397;982686;961882;1320089;1008465;963040;1338944;983322;1009138;1231641;1169755;1284229;1257702;1099079;1023923;1156034;1037812;986867;1000919;1293938;1267283;1197716;1094657;0;0;0;
1209623;1186090;939022;973360;1112886;1249491;1265812;1121758;1162800;1147123;1339543;1095306;1178494;1101655;1126200;1133386;1143465;901149;1122698;1108619;1113385;901804;1050476;1089713;1216521;1058957;980426;1418968;1045390;1158550;1406625;1047859;1140980;1145100;1179812;1270965;1283433;1107399;1174814;1160297;1025993;1049888;1044095;1321594;1151026;1203625;1140554;0;0;0;
1126958;1208499;917635;890885;1035730;1179513;1303499;1012254;1030381;1131832;1393827;987557;962248;1030468;1061316;1117297;1093744;882513;1092792;1012535;1100231;909877;1037060;991671;1333281;919098;911787;1122620;1027985;924387;1219216;1011728;984281;1051248;1170216;1215997;1124539;1048241;1077895;1124103;1010913;982308;1068848;1242647;1247985;1178205;1026945;0;0;0;
1159817;1022342;910860;934153;1071033;1090940;1166078;1040001;1035912;1074470;1300874;904537;996625;1057747;1040430;1088115;1097736;851708;1066106;1013656;994937;825250;963915;859876;1307253;1016372;946668;1201291;980009;952181;1273801;928525;1028201;1021584;1150577;1134833;1135688;1047378;1077162;1085883;1057061;942857;953051;1218128;1109239;1145946;1022844;0;0;0;
1269751;1390256;1014600;1086388;1251447;1359246;1472257;1198778;1165725;1304940;1463365;1157490;1302857;1101775;1266956;1169297;1215258;1015743;1150230;1304367;1136380;1101344;1167467;1113418;1353482;1192814;1162230;1357999;1179914;1123787;1477004;1192264;1237382;1341250;1401937;1441137;1345855;1177052;1198289;1277781;1085492;1087731;1191394;1457855;1308334;1394029;1211126;0;0;0;
1065887;1064016;897581;933734;957106;1138131;1163738;904783;1065876;1093182;1181183;943302;996034;1038752;948562;1025591;935537;864830;1001654;1027132;1113834;881013;999673;929930;1157308;944970;908578;1246762;965489;907540;1181161;930375;1035524;995021;1096632;1226934;1074148;928572;1031550;1075515;935581;925384;961116;1166814;1166864;1192157;1040941;0;0;0;
1101589;1087382;909384;929065;993871;1177949;1258558;1035546;1037092;1119994;1247068;981748;1072009;933167;964989;1118565;1163367;985446;1090174;1094443;1015136;879764;1066821;1004934;1126334;944968;992261;1173501;980072;965215;1421067;1138105;1036340;1184290;1203959;1362899;1221786;1195838;1211979;1177128;974786;961033;1060564;1254023;1271701;1182897;1092251;0;0;0;
1036733;1070698;837207;782142;876918;1037142;1096076;930691;934445;936358;1166442;873914;952163;917946;950232;1095150;1035385;939555;1003270;908334;894247;910678;869919;1013929;1129391;922100;815651;1140425;862799;863175;1228692;1031128;987026;1080390;1029419;1165521;1098252;1071486;1029710;1052001;885763;891144;898385;1103527;1184650;1141994;1061966;0;0;0;
967544;1083761;817941;839366;997504;1012392;1126800;987542;934623;927567;1134497;917592;857420;863729;914028;977843;996943;894797;955193;973178;967602;924745;831397;997667;1082925;853272;822149;1169937;1011690;893519;1166432;987755;903327;1005446;973000;1135216;1008704;1047816;927784;1157681;917842;877246;941803;1155639;1095043;1023726;958514;0;0;0;
986530;1027816;679424;784228;955830;1020737;1059488;982650;831833;863095;1061697;770281;1006103;994602;944639;926800;971575;740462;944229;851429;908465;809911;746148;915628;1050755;792958;841267;1032891;913932;758491;1156691;946436;987271;915453;1034494;1097528;1037774;905832;985809;944259;835137;838466;896980;1095650;965469;1024017;898845;0;0;0;
986851;961483;767748;801984;935375;989505;1039688;780872;791157;892058;1020371;745708;809353;794712;779670;856962;982935;677905;848684;856710;834977;768632;748402;718601;969585;831108;774841;944321;819411;718020;1014652;796647;850848;823849;1008923;1117569;1034614;886133;899893;915161;787199;769955;820671;925173;893365;1012153;812126;0;0;0;
1194253;1247095;978919;993834;1094033;1269419;1369007;1085749;1053287;1125243;1344630;965539;1112777;1131271;1066727;1215985;1248963;972730;1121662;1122073;1017471;1029650;1090517;1044163;1242303;1000167;1080081;1288833;1067700;984909;1349980;1225186;1158055;1253453;1305688;1362776;1280695;1143627;1208010;1259876;1105322;1065802;1090520;1332802;1321206;1388740;1207920;0;0;0;
1014412;1065820;837133;773758;960191;1057143;1173381;1001022;929838;978992;1135872;828445;965092;850108;1005296;1031166;1001101;936277;963809;963133;869668;916865;822703;952986;1133812;875922;828403;1167692;983725;934580;1141602;1042324;1010158;1068167;1038836;1125169;1104032;984286;996456;1117023;984524;916794;909008;1178650;1147643;1124823;953400;0;0;0;
987365;836290;751742;772755;838285;975302;1029190;846127;882843;942689;1095822;934133;864195;833874;785685;865645;978255;859404;875051;895283;712520;892696;880536;927386;943388;868600;867015;926334;862317;875685;1129228;984933;917276;967973;930608;967703;953144;886518;922313;1008700;720122;791305;742919;1033961;989303;1040381;861534;0;0;0;
1045671;1075621;860441;844981;969995;1148619;1101175;906776;1006974;1016316;1180430;968838;1001051;1009840;908596;1044536;1143536;948144;987499;1026291;919757;936775;949005;937167;1026489;863352;856652;1117170;959334;805439;1186411;958228;1026892;1039918;1078201;1179380;1087138;1037435;1022934;1165185;912401;883843;903628;1247277;1169614;1180207;971402;0;0;0;
1015903;993175;812538;758827;891692;1080413;1070259;925623;948074;1024260;1188146;868520;987843;913196;927196;993727;926832;876491;861388;960842;898064;798332;910624;957798;1039665;816058;765872;1030446;861843;915286;1150371;924842;990825;935665;1047207;1115526;1025299;962971;1010618;971994;848772;826111;924052;1059600;1088731;1080510;895803;0;0;0;
1377164;1399573;1189817;1109757;1260911;1520509;1414819;1148491;1142427;1174955;1461690;1141957;1222639;1182822;1227029;1306627;1278294;1119666;1224175;1235006;1138434;1156948;1131349;1196988;1443281;1106453;1125247;1469772;1137620;1145982;1500521;1211785;1304934;1313155;1375761;1486370;1432941;1257420;1239797;1346092;1091325;1163740;1125502;1347846;1388300;1356038;1194381;0;0;0;
1012884;1083067;901851;840881;997487;1024000;1094270;890552;904513;1073286;1186238;921203;887170;920810;962407;1016088;1081249;902067;976042;1036453;939802;897832;844127;960695;1070211;922029;813482;1179088;940104;929001;1225545;952194;1042268;947681;1042257;1192466;1069201;1128608;1030397;1122771;878753;878657;950116;1202501;1096170;1079550;1050340;0;0;0;
978899;1059882;793442;772391;930634;901565;1093566;920795;815666;981529;1158348;851311;894249;779105;874030;960631;941391;772786;873846;894018;794332;771461;717553;843002;1062945;904357;787921;960919;893687;817238;1085284;899820;873561;960375;927314;1114587;952102;1031038;946549;994780;841041;857686;889566;1117402;978760;958354;945381;0;0;0;
1140589;1189446;953748;991228;1088294;1134672;1279737;1062777;976418;1111884;1302853;970832;1024873;993609;1029214;1088375;1098140;902237;1022875;1074259;1093095;957898;919053;1015950;1272283;1014686;947962;1287271;1046165;1009113;1299937;1050952;1052676;1062445;1204412;1365671;1134076;1054516;1047621;1209837;960123;979521;1039849;1260350;1115297;1203261;1078917;0;0;0;
1177449;1266493;930088;1049562;1111730;1240954;1325584;1032249;1020896;1091288;1478244;1105757;1089632;1149667;956681;1159817;1145241;985212;1084576;1095392;1062708;1004322;1030156;1003161;1308392;966386;957156;1293604;1026545;970864;1376454;1073306;1035192;1141983;1310375;1391568;1247796;1123696;1126901;1092747;991161;1008795;1051772;1273677;1260023;1236634;1059626;0;0;0;
951227;1069692;891542;806933;886279;1108006;1060454;869964;921399;923867;1019757;878649;982404;854371;978996;931641;996141;857342;890418;1024776;896599;824436;855650;940431;988558;828258;879611;999402;941340;852246;1178213;979983;954890;1038703;927973;1120256;1021472;996951;939629;1100436;853886;959039;881309;1112967;1070884;1036504;891448;0;0;0;
1080005;1030237;887779;903888;995566;1235615;1140010;902223;1000076;970116;1207430;850400;918606;919832;1013357;1001127;1140900;1003439;1005774;1014154;943637;954858;941903;959723;1114999;960143;1033071;1184359;919951;919755;1282195;1093763;1025195;1102769;1126625;1125886;1231588;1067184;1054477;1162212;901408;1024433;932933;1048595;1135457;1032921;1062684;0;0;0;
1062810;1163572;795079;873589;1052633;1112017;1256177;982155;991341;1089243;1297422;1029827;1038486;995091;915645;1011938;977790;847354;1000192;1009260;840863;872628;996539;902482;1142372;898368;886828;1110670;932069;984942;1251090;1053993;1012471;1083957;1117781;1156701;1100867;921100;1087966;1055164;932340;979561;936029;1185898;1126594;1124766;879939;0;0;0;
925361;915701;781184;775878;926447;985355;991837;859673;836127;896653;1033802;804892;966279;863621;911377;904690;964090;774405;886678;752241;750373;750926;812651;842891;974168;794033;795206;1051244;822590;873501;1150227;877064;868577;991935;924897;1032595;994398;970378;842137;962034;857522;906229;777357;983821;1017138;976221;919576;0;0;0;
1151341;1223109;944551;958562;999786;1095871;1177677;1028880;990547;1016621;1183347;1132791;984483;957899;1074674;1129228;1011259;828489;923602;1101015;992911;958265;1025531;1032482;1123916;1007711;928315;1108970;1004731;962220;1258594;977011;999520;1199870;1085245;1246642;1161090;961444;964152;1130689;994507;894043;972230;1255272;1179015;1197410;1122909;0;0;0;
1168811;1186431;964069;900151;1007230;1288838;1241544;1052777;1005416;1005597;1175399;1008626;1033256;1019389;1001124;1119168;1263694;913293;1054554;1042955;1030673;900075;990910;978636;1161689;987285;980044;1304794;1075284;943801;1389301;1109218;1032625;1243107;1097727;1269310;1209943;1079443;1053459;1219118;930023;999796;924493;1224243;1180412;1216392;990645;0;0;0;
1217127;1174342;1001918;957263;1018990;1231948;1231449;985861;1117295;1207197;1296064;1189023;1069384;1002977;1078203;1148466;1192166;1022006;1080379;1245288;969508;1075173;1117861;1090298;1191805;1091684;994113;1162991;1021356;959988;1362493;1049901;1137039;1227018;1245968;1274850;1240344;1057928;1099271;1165366;912271;969116;1011205;1339922;1277791;1297804;1101746;0;0;0;
1063126;995539;820316;890788;896659;1109421;1050459;918562;979600;1020244;1164632;978115;989520;965479;946506;992308;1069930;823886;878890;978941;1020291;844252;954068;898901;1055840;857627;916712;1052711;909141;877088;1209383;793292;943417;993899;1084077;1194938;1150032;905137;938760;895015;878485;831516;836272;1063499;1088363;1099880;945824;0;0;0;
1146208;1219987;898268;909344;1060092;1218183;1171302;975445;1013120;1067456;1346517;1022215;998269;1002603;1044825;1148943;1201858;876976;1116953;1039988;972009;942815;1031994;963645;1222803;1038802;948442;1087519;958692;895819;1253050;1032641;991220;1173475;1171353;1177298;1129321;1040653;972512;1120156;926224;985102;976335;1201066;1240801;1221238;1010779;0;0;0;
1255066;1281756;979871;945384;1149230;1344204;1323142;1127374;1003341;1142338;1279309;1061530;1088905;1029214;1054760;1177794;1220896;877879;1143888;1196451;1034519;995117;1010341;1069428;1266768;1017213;1028789;1223704;1156336;991772;1337450;1127742;1129379;1168291;1293818;1286636;1274995;1100003;1057915;1195746;1074045;1042394;1015532;1325038;1316278;1244033;1045095;0;0;0;
1145669;1168983;969578;925301;1070412;1198154;1276091;939234;1119173;1146020;1181107;979938;1028402;904078;1102872;1111750;1078722;973163;1088844;1041559;1028652;970544;1022150;1113473;1148701;969621;891947;1195806;928239;932453;1229547;1038542;1051536;1093924;1179771;1268555;1237529;1059922;1172021;1179098;943626;932560;1076943;1185100;1305383;1197444;1077892;0;0;0;
0;0;0;0;0;0;0;0;0;0;0;0;0;0;0;0;0;0;0;0;0;0;0;0;0;0;0;0;0;0;0;0;0;0;0;0;0;0;0;0;0;0;0;0;0;0;0;0;0;0;
0;0;0;0;0;0;0;0;0;0;0;0;0;0;0;0;0;0;0;0;0;0;0;0;0;0;0;0;0;0;0;0;0;0;0;0;0;0;0;0;0;0;0;0;0;0;0;0;0;0;
0;0;0;0;0;0;0;0;0;0;0;0;0;0;0;0;0;0;0;0;0;0;0;0;0;0;0;0;0;0;0;0;0;0;0;0;0;0;0;0;0;0;0;0;0;0;0;0;0;0;

15ms
